{"offset":{"x":0.05088053385416667,"y":0.049052734375,"z":-0.11332784016927083},"scale":{"x":[-0.9230338541666666,1.0489851888020834],"y":[-0.9749674479166667,1.0228670247395832],"z":[0.8771875,-1.0959855143229167]}}