{"offset":{"x":0.075023193359375,"y":0.00210693359375,"z":-0.029975992838541667},"scale":{"x":[-0.9428043619791666,1.0518684895833332],"y":[-0.9761808268229166,1.02672119140625],"z":[0.9210701497395833,-1.1035042317708332]}}