{"offset":{"x":0.04616902669270833,"y":0.04414835611979167,"z":-0.10745849609375},"scale":{"x":[-0.92802490234375,1.0560904947916667],"y":[-0.941826171875,0.99215087890625],"z":[0.8672347005208333,-1.0804207356770834]}}