{"offset":{"x":0.0576629638671875,"y":0.03723347981770833,"z":-0.092947998046875},"scale":{"x":[-0.93738037109375,1.0578092447916667],"y":[-0.9744099934895833,1.025849609375],"z":[0.91257568359375,-1.1069051106770833]}}