{"offset":{"x":0.049150797526041665,"y":0.0332159423828125,"z":-0.08984761555989583},"scale":{"x":[-0.928671875,1.04718994140625],"y":[-0.9667537434895833,1.0171858723958334],"z":[-1.1079695638020832,0.9039029947916667]}}